match_type,match_value,canonical_brand
brand,UNIQLO(유니클로),Uniqlo(유니클로)
brand,UNIQLO +J,Uniqlo(유니클로)
brand,DIVEIN(다이브인),DIVEIN(다이브인)
brand,다이브인,DIVEIN(다이브인)
brand,다이브인(DIVEIN),DIVEIN(다이브인)
brand,AFTERPRAY(애프터프레이),AFTERPRAY(애프터프레이)
brand,Aimé Leon Dore,Aimé Leon Dore(에메 레온 도르)
brand,brownyard(브라운야드,BROWNYARD(브라운야드)
brand,coor(쿠어),COOR(쿠어)
brand,mylibrary(마이라이브러리),mylibrary(마이라이브러리)
brand,YOUTH,YOUTH(유스)
brand,뉴발란스,New Balance(뉴발란스)
brand,무신사 스탠다드,MUSINSA STANDARD(무신사 스탠다드)
brand,Arc'teryx,Arc'teryx(아크테릭스)
brand,BEHEAVYER,BEHEAVYER(비헤비어)
brand,epicenter.tourist,EPICENTER.tourist(에피센터 투어리스트)
brand,intheraw(인더로우),INTHERAW(인더로우)
brand,L'OFFICIEL JUAN | 로피시엘 주앙,JUAN HOMME(주앙옴므)
brand,주앙옴므,JUAN HOMME(주앙옴므)
brand,THEY CALL ME,THEY CALL ME(데이 콜 미)
brand,epicenter.tourist(에피센터 투어리스트),EPICENTER.tourist(에피센터 투어리스트)
brand,UNIFORM BRIDGE,UNIFORM BRIDGE(유니폼 브릿지)
brand,XLIM,XLIM(엑슬림)
brand,9999ARCHIVE,9999ARCHIVE(9999아카이브)
brand,닥터마틴,Dr. Martens(닥터마틴)
brand,르아르,LEIRE(르아르)
brand,에스파이,ESFAI(에스파이)
brand,오르또 ORTO,ORTO(오르또)
brand,파브레가,FABREGAT(파브레가)
brand,AAOA,AAOA(에이에이오에이)
brand,Aieul,Aieul(아이엘)
brand,ARTIFACTS,ART IF ACTS(아트 이프 액츠)
brand,AURALEE,AURALEE(오라리)
brand,Hamilton,Hamilton(해밀턴)
brand,hooves,Hooves(후브스)
brand,JiyongKim,JiyongKim(지용킴)
brand,MIND BRIDGE,MIND BRIDGE(마인드 브릿지)
brand,NIKE,NIKE(나이키)
brand,NOISE,NOISE(노이즈)
brand,noun(노운),NOUN(노운)
brand,passer,PASSER(파세르)
brand,rough side,ROUGH SIDE(러프사이드)
brand,Yase,YASE(야세)
brand,24/7series,24/7series(24/7시리즈)
brand,999휴머니티,999HUMANITY(999휴머니티)
brand,기철,KICHUL(기철)
brand,미세키서울 맨,MISEKISEOUL MEN(미세키서울 맨)
brand,브랜디드,BRANDED(브랜디드)
brand,아모멘토,AMOMENTO(아모멘토)
brand,어널러코드,ANOLORCODE(어널러코드)
brand,엘무드,LMOOD(엘무드)
brand,이외들,IOEDLE(이외들)
brand,카네이테이,KANEITEI(카네이테이)
brand,커스텀어클락,CUSTUME O'CLOCK(커스텀어클락)
brand,토피,TOFFE(토피)
brand,플랙(PLAC),PLAC(플랙)
brand,PLAC,PLAC(플랙)
brand,A.ta,A.ta(에이타)
brand,AMOMENTO,AMOMENTO(아모멘토)
brand,AREUBAN,AREUBAN(아르반)
brand,Asics,Asics(아식스)
brand,BESLOW PURPLE,BESLOW(비슬로우)
brand,BEUYS,BEUYS(뷰스)
brand,boogieholiday,Boogie Holiday(부기홀리데이)
brand,coldwarm,COLDWARM(콜드웜)
brand,DECET,DECET(데케트)
brand,DIVEIN,DIVEIN(다이브인)
brand,DOFFJASON,DOFFJASON(도프제이슨)
brand,ESPIONAGE,ESPIONAGE(에스피오나지)
brand,Everlane,Everlane(에버레인)
brand,FrizmWORKS,FrizmWORKS(프리즘웍스)
brand,GOYOWEAR,GOYOWEAR(고요웨어)
brand,GU,GU(지유)
brand,H&M,H&M(에이치엔엠)
brand,HATCHINGROOM(해칭룸),HATCHINGROOM(해칭룸)
brand,INSANE GARAGE,INSANE GARAGE(인세인개러지)
brand,INTEMPO,INTEMPOMOOD(인템포무드)
brand,JOSEPHT,JOSEPHT(조셉트)
brand,LABEL ARCHIVE,LABEL ARCHIVE(라벨 아카이브)
brand,LEARVE,LEARVE(르아브)
brand,lemard,LEMARD(르마드)
brand,Mod9(모드나인),Mod9(모드나인)
brand,MUJI 무인양품,MUJI(무인양품)
brand,Noah,NOAH(노아)
brand,On,On(온)
brand,PAF,Post Archive Faction(포스트아카이브팩션)
brand,PARTIMENTO,PARTIMENTO(파르티멘토)
brand,Patagonia,PATAGONIA(파타고니아)
brand,PATAGONIA,PATAGONIA(파타고니아)
brand,POLO RALPH LAUREN,POLO RALPH LAUREN(폴로 랄프 로렌)
brand,Ray-Ban,Ray-Ban(레이밴)
brand,SALOMON,SALOMON(살로몬)
brand,SUARE,SUARE(수아레)
brand,SURFACE EDITION,SURFACE EDITION(서피스 에디션)
brand,THE NORTH FACE,THE NORTH FACE(노스페이스)
brand,Thecoldestmoment(더콜디스트모먼트),The Coldest Moment(더콜디스트모먼트)
brand,Timberland,TIMBERLAND(팀버랜드)
brand,Timberland x Thisisneverthat,TIMBERLAND(팀버랜드)
brand,TNGT,TNGT(티엔지티)
brand,TONYWACK,TONYWACK(토니웩)
brand,Tonywack(토니웩),TONYWACK(토니웩)
brand,WEP®,WEP(더블유이피)
brand,ZARA(자라),ZARA(자라)
brand,ZARA,ZARA(자라)
brand,mylibrary,mylibrary(마이라이브러리)
brand,learve(르아브),LEARVE(르아브)
brand,MUJI,MUJI(무인양품)
brand,[noun](노운),NOUN(노운)
brand,팀버랜드,TIMBERLAND(팀버랜드)
brand,Years Ago,Years Ago(이얼즈어고)
brand,artparment,artparment(아트파먼트)
brand,AWESOME BEE,AWESOMEBEE(어썸비)
brand,BROWNYARD,BROWNYARD(브라운야드)
brand,BONRROW,BONRROW(본로우)
brand,colorcolour,Colorcolour(컬러컬러)
brand,CURATED PARADE,CURATED PARADE(큐레이티드 퍼레이드)
brand,FULL OF SSUN,FULL OF SSUN(풀오브썬)
brand,GRADUS,gradus(그라더스)
brand,harpsichord,harpsichord(하프시코드)
brand,John Lobb,John Lobb(존 롭)
brand,Lazyport Sporting Club,Lazyport Sporting Club(레이지포트 스포팅 클럽)
brand,Massimo Dutti,Massimo Dutti(마시모 두티)
brand,mudule,mudule(머듈)
brand,NICENESS,NICENESS(나이스네스)
brand,NOS COULEURS,NOS COULEURS(노쿨러스)
brand,Paraboot,Paraboot(파라부트)
brand,POTTERY,POTTERY(포터리)
brand,RYOO,RYOO(알와이오오)
brand,Saman Amel,Saman Amel(사만 아멜)
brand,The Row,The Row(더 로우)
brand,자라,ZARA(자라)
brand,조셉트,JOSEPHT(조셉트)
brand,로맨틱무브,ROMANTIC MOVE(로맨틱무브)
brand,로스트가든,LOSTGARDEN(로스트가든)
brand,UNIQLO KR,Uniqlo(유니클로)
brand,SAN SAN GEAR,SAN SAN GEAR(산산기어)
brand,COLN,COLN(콜른)
brand,아조바이아조,AJOBYAJO(아조바이아조)
brand,FLAVORISM,FLAVORISM(플레이버리즘)
brand,HATCHINGROOM,HATCHINGROOM(해칭룸)
brand,EPICENTER TOURIST(에피센터 투어리스트),EPICENTER.tourist(에피센터 투어리스트)
brand,Pseudomorph Centre,artparment(아트파먼트)
brand,Artparment(아트파먼트),artparment(아트파먼트)
brand,애프터프레이,AFTERPRAY(애프터프레이)
brand,Y-3,Y-3(와이쓰리)
brand,VEJA,VEJA(베자)
brand,VATOZ,VATOZ(바토즈)
brand,PEMONT(페몬트),PEMONT(페몬트)
brand,NEGATIVETHREE,NEGATIVETHREE(네거티브쓰리)
brand,MM6 MASION MARGIELA,MM6 MASION MARGIELA(엠엠식스 메종 마르지엘라)
brand,LEMAIRE,LEMAIRE(르메르)
brand,kinchi,kinchi(킨치)
brand,HEROES of HISTORY,HEROES of HISTORY(히어로즈 오브 히스토리)
brand,후브스,Hooves(후브스)
brand,온,On(온)
brand,아디다스,ADIDAS(아디다스)
brand,아식스,Asics(아식스)
brand,골멧,Golemeth(골멧)
brand,DRIES VAN NOTEN,DRIES VAN NOTEN(드리스 반 노튼)
brand,푸마,PUMA(푸마)
brand,무신사 스탠다드 우먼,MUSINSA STANDARD WOMAN(무신사 스탠다드 우먼)
brand,에잇세컨즈,8secends(에잇세컨즈)
brand,프루이(FRUI),FRUI(프루이)
brand,비디알,VDR(비디알)
brand,노이어,NOIRER(노이어)
brand,the Nockin,The Nockin(더녹인)
brand,Taille,TAILLE(타일레)
brand,Spellbound,SPELLBOUND(스펠바운드)
brand,SHIRTER,SHIRTER(셔터)
brand,orslow(오어슬로우),ORSLOW(오어슬로우)
brand,KIBATA,KIBATA(키바타)
brand,"KAPTAIN SUNSHINE,",KAPTAIN SUNSHINE(캡틴 선샤인)
brand,Japan Blue,Japan Blue(재팬 블루)
brand,INTHERAW,INTHERAW(인더로우)
brand,INNIR,INNIR(이니어)
brand,HISHANDER,HISHANDER(히즈핸더)
brand,HEUTE,HEUTE(호이테)
brand,ERL Clothing,ERL(이알엘)
brand,DEMIL,DEMIL(데밀)
brand,CINEDE,CINEDE(씨네드)
brand,Acne Studios,Acne Studios(아크네 스튜디오)
brand,8DIVISION RTW,8DIVISION RTW(에잇디비젼 알티더블유)
brand,피그앤헨,PIG & HEN(피그앤헨)
brand,와일드브릭스,WILD BRICKS(와일드 브릭스)
brand,어거스트하모니,August Harmony(어거스트 하모니)
brand,불레또,bulletto(불레또)
brand,벨리에,BELIER(벨리에)
brand,Wakami,Wakami(와카미)
brand,towtow.archive,towtow.archive(토우토우 아카이브)
brand,SCUDO,SCUDO(스쿠도)
brand,fabregat,FABREGAT(파브레가)
brand,AMUSANT,AMUSANT(아뮈정)
brand,애끼,AEKKI(애끼)
brand,NORTH WORKS,NORTH WORKS(노스웍스)
brand,ALLCLASSIC,ALLCLASS(올클래식)
brand,CORE OF ALCHEMY,CORE OF ALCHEMY(코어오브알케미)
brand,DEVIATION,DEVIATION(데베시용)
brand,FIRENZE ATELIER(피렌체 아뜨리에),FIRENZE ATELIER(피렌체 아뜨리에)
brand,Kahara,KAHARA(카하라)
brand,Saint Laurent,Saint Laurent(생 로랑)
brand,SLOWACID,SLOWACID(슬로우애시드)
brand,YOWE(요위),YOWE(요위)
brand,Archive. Ryu / 아카이브류,Archive.Ryu(아카이브류)
brand,KKEEE,KKEEE(케이케이이이이)
brand,Golden Goose,Golden Goose(골든구스)
brand,Dior,Dior(디올)
brand,라룸,LAROOM(라룸)
brand,Archive.Ryu(아카이브류),Archive.Ryu(아카이브류)
brand,Archive. Ryu(아카이브류),Archive.Ryu(아카이브류)
brand,Harpo Paris,Harpo Paris(아르포 파리)
brand,DGRE,DGRE(디그레)
brand,JOsilver,JOsilver(조실버)
brand,Le Travailleur Gallice,Le Travailleur Gallice(르 트라바이유 갈리스)
brand,NUMBERING,NUMBERING(넘버링)
brand,ODDCOLLET,ODDCOLLET(오드콜렛)
brand,INSILENCE,INSILENCE(인사일런스)
brand,ALYSS,ALYSS(알리스)
brand,Armani Prive,Armani Prive(아르마니 프리베)
brand,BANTS,BANTS(반츠)
brand,choiyoung,choiyoung(최영)
brand,Document,Document(도큐먼트)
brand,Horlisun,Horlisun(홀리선)
brand,HYEIN SEO,HYEIN SEO(혜인서)
brand,NIKE x SKIMS,NIKE(나이키)
brand,OUTIL,OUTIL(우티)
brand,Plasticana,Plasticana(플라스티카나)
brand,Seiko,SEIKO(세이코)
brand,steadyeverywear,Steady Every Wear(스테디 에브리웨어)
brand,더녹인,The Nockin(더녹인)
brand,디스이즈네버댓,thisisneverthat(디스이즈네버뎃)
brand,미세키서울,MISEKISEOUL MEN(미세키서울 맨)
brand,플라스틱프로덕트 (PLASTICPRODUCT),PLASTICPRODUCT(플라스틱프로덕트)
brand,THE WARLD,THE WARLD(더 월드)
brand,CAYL,CAYL(케일)
brand,Goldwin,Goldwin(골드윈)
brand,Helinox,Helinox(헬리녹스)
brand,LMOOD,LMOOD(엘무드)
brand,OSTRYA,OSTRYA(오스트리야)
brand,ROA,ROA(로아)
brand,SATISFY,SATISFY(새티스파이)
